Annotation,Group 1 F98,Annotation ,Group 2 F98,Group 2 (CTX-TNA 2)
CAR 14:0,12.22524696,8-(3-octyl-2-oxiranyl)octanoic acid ,10.06592441,9.791802543
CAR 16:0 ,14.53826431,C16 Lactosyl Ceramide (d18:1/16:0) C16 Lactosyl Ceramide,11.89183948,12.96012599
CAR 16:1,12.8022013,CAR 10:0 ,8.4979314,8.504974172
CAR 18:0 ,13.32215183,CAR 10:1 ,8.832991727,8.801373441
CAR 18:1 ,14.73829031,CAR 12:0 ,9.910730043,10.23487695
CAR 18:2 ,9.503645433,CAR 12:1 ,11.30367419,11.13287142
CAR 20:1,13.02389804,CAR 14:0,9.833246569,10.47748901
CE 14:0 ,8.848445616,CAR 14:1 Isomer A,9.011108617,9.100183238
CE 16:1 ,13.40677487,CAR 14:1 Isomer B,8.994818356,9.090875913
CE 18:1 ,16.15717078,CAR 14:2 ,9.071020254,9.108370609
CE 18:2 ,14.35469195,CAR 16:0 ,11.85240287,11.76123448
CE 18:3 ,10.42832328,CAR 16:1,9.520646838,9.175406165
CE 20:1,12.83900922,CAR 18:0,11.87278281,10.88366008
CE 20:2,12.67916635,CAR 18:1 ,11.47193014,10.66482285
CE 20:3 ,11.17876569,CAR 18:2,9.210783717,8.842564253
CE 20:4 ,14.23457696,CAR 18:3 ,8.567984905,8.935117054
CE 20:5 ,10.87504539,CAR 20:0,10.44915582,10.56877264
CE 22:2 ,12.75105103,CAR 20:1 ,10.6223993,10.05692385
CE 22:5,12.41262334,CAR 8:1 ,9.098705418,9.825652995
CE 22:6 ,13.77964381,CE 18:1 ,12.57356247,12.15599437
CE 24:1,11.89009112,CE 18:2 ,11.28545472,10.97709077
CE 24:5,8.251875878,CE 20:2 ,8.765767247,8.463635037
Cer 34:2;2O|Cer 18:2;2O/16:0,14.05578665,CE 20:4 ,11.91837565,11.52049612
Cer 36:2;2O|Cer 18:2;2O/18:0,11.7890945,CE 20:5 ,7.921007098,8.2389326
Cer 40:2;2O|Cer 18:1;2O/22:1,13.6975348,CE 22:6 ,10.4743469,10.31454538
Cer 41:2;2O|Cer 18:1;2O/23:1,11.8901002,Cer 17:0;3O/24:0;(2OH) ,9.779390707,9.841981779
Cer 42:1;3O|Cer 19:0;2O/23:1;O,10.63350505,Cer 17:1;2O/16:1 ,10.82448261,10.58633478
Cer 42:3;2O|Cer 18:2;2O/24:1,15.09629934,Cer 17:1;2O/24:1 ,8.681530169,8.871360746
Cer d34:1 ,16.86390311,Cer 18:0;2O/16:0 ,12.83542067,12.81918126
Cer d36:1 ,14.71536583,Cer 18:0;3O/22:0;(2OH) ,9.369761777,9.296998844
Cer d38:1 ,13.18237546,Cer 18:0;3O/24:0;(2OH) ,10.24114372,10.36425736
Cer d40:1 ,13.93974863,Cer 18:0;3O/25:0;(2OH) ,9.378743857,9.927594943
Cer d41:1 ,12.32407197,Cer 18:1;2O/24:2 ,15.27139465,13.70384256
Cer d42:1 ,15.52291157,Cer 18:1;2O/26:0 ,10.72678264,11.2328274
Cer d42:2 Isomer A ,16.33939169,Cer 18:2;2O/22:0 ,13.10012184,12.15449149
Cer d42:2 Isomer B ,14.35938666,Cer 19:1;2O/24:1 ,10.38195591,10.68346558
Cholesterol ,15.21708433,Cer 20:0;2O/26:0 ,10.24329381,10.72474001
CoQ10,12.45094553,Cer 20:0;3O/24:0;(2OH) ,10.20283513,10.31098052
CoQ9,14.88990393,Cer 20:1;2O/28:0 ,9.567861175,9.868300422
DG 32:1 ,14.49884642,Cer 20:1;2O/48:3;2O ,10.1497681,10.34997411
DG 34:1 ,15.23678676,Cer 20:1;2O/49:3;2O ,9.812381913,9.88732831
DG 34:2 ,13.39184852,Cer 20:1;2O/50:3;2O ,9.732841381,10.1133297
DG 34:2|DG 16:1_18:1,13.6276984,Cer 21:0;3O/24:0;(2OH) ,9.220631452,9.607071605
DG 36:1 ,12.09675303,Cer 21:3;2O/16:1 ,9.563054549,8.745773851
DG 36:2 ,14.54473168,Cer 22:0;2O/25:0 ,9.859028669,10.10546039
DG 36:3 ,12.08468451,Cer 22:0;2O/26:0 ,10.24583576,10.63757765
DG 36:4|DG 16:0_20:4,11.94346479,Cer 22:1;2O/28:0 ,9.814115242,9.896031963
DG 38:4,14.4305536,Cer d34:2 Isomer A ,11.08520447,11.20540512
DG 38:5 ,13.23235482,Cer d34:2 Isomer B ,10.34801321,10.6706447
GlcCer d34:1 ,13.4562467,Cer d41:1 ,12.40730365,12.95445801
GlcCer d40:1 ,14.05783963,Cer d42:1 ,15.21726682,15.63132407
GlcCer d42:1 ,15.48787989,Cer d42:2 Isomer A ,16.37293608,16.04281641
GlcCer d42:2 ,15.43356632,Cer d42:2 Isomer B ,13.39792267,13.01478829
HexCer 34:1;2O|HexCer 18:1;2O/16:0,15.74653102,Cer d42:2 Isomer C ,10.4255603,10.63667745
Lactosylceramide d18:1/24:1 15Z ,11.83678297,Cer d43:1 ,10.19748352,10.93617266
LPC 14:0 ,11.87650556,Cer d44:2 ,8.875758754,9.154168408
LPC 15:0 ,10.20260054,Cer d46:1 ,9.571999997,9.910487807
LPC 16:0 ,16.34946477,Cholesterol ,15.88333304,15.69456449
LPC 16:1 Isomer A,13.88464475,cis-13-docosenoic acid ,9.005034836,8.896322804
LPC 16:1 Isomer B,12.91018118,DG 16:0_16:0 ,10.79647068,11.00806726
LPC 17:1 ,9.704807816,DG 16:0_16:1 ,10.93229334,11.30860033
LPC 18:0 ,15.75306204,DG 16:0_18:0 ,10.10762207,9.553332934
LPC 18:1 Isomer A,15.08938631,DG 16:0_18:1 ,13.01465901,13.06296557
LPC 18:1 Isomer B,14.50852247,DG 16:0_18:2 ,10.85391695,11.22597205
LPC 18:2 Isomer A,12.4009459,DG 18:0_18:0 ,8.912100206,8.732533005
LPC 18:2 Isomer B,11.69977104,DG 18:0_18:1 ,11.7435039,10.4731026
LPC 18:3 Isomer B,9.652108019,DG 18:1_18:1 ,11.17847127,10.8559461
LPC 20:0 ,10.77240649,DG 18:1_18:2 ,10.67892182,10.64299785
LPC 20:1 ,11.00343717,DG 18:2_18:1 ,8.398161819,8.877087936
LPC 20:3 ,10.75551181,DG 24:2,8.514314714,8.522771938
LPC 20:4 ,12.36044721,DG 29:3,9.544943181,9.422460961
LPC 20:5 ,10.12831289,DG 32:0 ,9.74819632,9.881970476
LPC 22:5 ,10.91562688,DG 32:1 ,9.374959908,9.37166207
LPC 22:6 Isomer A,11.89009673,DG 34:3 ,8.116244382,8.281666049
LPC 22:6 Isomer B,11.40118864,DG 36:0 ,8.999871525,9.102082897
LPC 28:0,15.50918447,DG 36:2 ,12.3944855,12.1070734
LPC O-16:0 ,13.26919702,DG 36:4 Isomer A ,8.978995741,8.852996745
LPC P-18:0 or LPC O-18:1 ,12.5279625,DG 36:4 Isomer B ,10.65493129,10.68840543
LPE 16:0,10.16234798,DG 36:5  Isomer A,9.173553894,8.476822877
LPE 18:0 ,12.53092684,DG 38:5  Isomer B,11.6532133,11.52069639
LPE 18:1,14.61593137,DG 38:6 ,10.22336671,10.26658586
LPE 18:2 Isomer A,11.37123632,DG 40:6|DG 18:0_22:6,10.12608658,10.00894261
LPE 18:2 Isomer B,11.17440286,DG 40:6|DG 18:1_22:5,9.680818484,9.871411618
LPE 20:4 ,15.07453849,docosanamide ,8.746624706,8.992925424
LPE 22:4,12.3854252,Gal-Gal-Cer d18:1/16:0 or Lactosylceramide d18:1/16:0 ,11.20775627,11.13737977
LPE 22:5,13.67842265,Ganglioside-GM3(d18:1/16:0) ,13.44325822,12.55828268
LPE 22:6,14.10899781,GlcCer d34:1 Isomer A,9.950021463,10.52871929
LPE O-16:1,12.47527994,GlcCer d34:1 Isomer B,10.33951945,10.70041754
PC 28:0 ,18.38293969,Hex3Cer 18:1;2O/16:0 ,12.1291911,10.16357939
PC 28:1,12.48503651,HexCer 18:1;2O/24:0 ,12.78590877,14.70741522
PC 29:0|PC 14:0_15:0,16.42545881,HexCer 42:1;O4,8.482212833,8.687101747
PC 30:0 ,21.6755125,HexCer-NS d40:1 ,11.73867818,12.99513519
PC 30:1,20.20388692,HexCer-NS d41:1 ,10.45122796,11.66108752
PC 30:2,12.53934147,HexCer-NS d42:2 ,12.64018274,14.5015378
PC 31:0 ,17.99308493,lactosylceramide d18:1/24:1 15Z ,10.0360071,10.72985358
PC 31:0|PC 15:0_16:0,16.05967238,LPC 14:0 ,10.59648806,11.9095682
PC 31:1 ,18.18179755,LPC 16:0 Isomer A ,15.52202565,16.46570888
PC 31:3|PC 16:1_15:2,13.92213654,LPC 16:1 ,11.48039603,12.38844245
PC 32:0 ,20.83511562,LPC 18:0 ,14.31343685,14.17443129
PC 32:1 ,22.92100282,LPC 18:1 ,13.67189314,14.20705322
PC 32:2 Isomer A,19.35827355,LPC 18:2 ,10.65245782,10.79933685
PC 32:2 Isomer B,15.78575621,LPC 18:3 ,8.678260746,8.784614617
PC 33:0 ,16.27406002,LPC 20:0 ,10.9399818,11.08500024
PC 33:1 ,20.14537329,LPC 20:1 ,10.84624933,11.66889792
PC 33:2 ,17.37141134,LPC 20:5 ,8.053393384,8.208344449
PC 33:4|PC 15:0_18:4,13.30770769,LPC 22:6 ,10.25659974,9.884177901
PC 34:0 ,17.49676487,LPC 24:0-SN1 ,10.73498154,10.88259492
PC 34:1 ,22.99585376,LPC 32:0 ,13.30660063,14.21001078
PC 34:2 ,21.70225372,LPC 32:1 ,12.23628791,12.77125318
PC 34:3 Isomer A ,18.39269479,LPC O-16:0 ,12.32131533,14.70449915
PC 34:3 Isomer B ,18.34861915,LPC O-22:0 ,10.27691355,10.30109057
PC 34:3 Isomer C ,17.28273519,LPC P-16:0 or LPC O-16:1 ,10.96186024,11.99008641
PC 34:4 ,16.88620675,LPC p-18:0 ,11.30026527,12.39711389
PC 34:5,12.15200581,LPC P-18:0 or LPC O-18:1 ,11.52566312,13.41657221
PC 35:1 ,17.81365302,LPE 16:0 ,10.83989764,11.18432666
PC 35:2 Isomer A ,18.84952091,LPE 18:0 ,12.47725653,13.06508336
PC 35:2 Isomer B ,17.62332846,LPE 18:1 ,11.43257063,11.58774188
PC 35:3 ,15.69607675,LPE 22:6,10.74779767,10.33675534
PC 35:4 ,14.38390809,LPE O-16:1 ,12.20459372,13.15690349
PC 35:5,13.08059415,LPE O-18:1 ,12.20510198,12.1472976
PC 36:1 ,20.33174793,MAG ,7.914359047,7.88318849
PC 36:2 ,20.0347501,MG 16:1 ,9.41201949,10.12888599
PC 36:2|PC 18:1_18:1,21.979742,MG 20:4 ,10.43616713,9.915546034
PC 36:3 Isomer A ,20.26576493,palmitamide ,11.08834428,10.79601597
PC 36:3 Isomer B ,20.116744,PC 14:0_16:1 ,14.81299538,16.80795769
PC 36:3|PC 18:1_18:2,17.71764679,PC 16:0/9:0 CHO ,13.28775453,13.47266607
PC 36:4 Isomer A ,16.10964578,PC 16:0_14:0 ,19.48345587,20.13737513
PC 36:4 Isomer B ,16.63569184,PC 16:0_5-oxovaleryl ,10.93245928,10.73539809
PC 36:4 Isomer C ,20.18869704,PC 16:0_azealic acid (PCPAz-PC) ,11.08655754,11.45635716
PC 36:5 Isomer A  ,11.6827259,PC 16:0_glutaric acid ,10.27633737,10.25224202
PC 36:5 Isomer C ,17.53213016,PC 16:1/18:4 ,10.12700364,10.69653844
PC 36:5 Isomer D ,17.59091054,PC 19:1 ,12.05041423,13.07399822
PC 36:5|PC 18:1_18:4,16.1241938,PC 20:1_20:1 ,14.41946198,14.84151252
PC 36:6 ,14.81067518,PC 21:4 ,10.34529956,10.60612158
PC 36:6|PC 16:1_20:5,13.37562708,PC 28:0 ,14.0428682,15.94009423
PC 37:1,13.76974855,PC 29:0 ,15.67098553,16.94365235
PC 37:2,16.44557971,PC 31:0 ,16.99523415,17.36477889
PC 37:3 ,15.37956242,PC 31:1 ,16.48422374,18.00488229
PC 37:4 ,14.64162122,PC 32:0 ,20.82112585,20.08071857
PC 37:5 Isomer A,14.36289878,PC 32:1 ,20.94848046,21.72638829
PC 37:5 Isomer B,13.37146075,PC 32:3 ,11.29025136,10.98101926
PC 37:5 Isomer C,16.46115792,PC 33:0 ,15.89464899,16.13595989
PC 37:6 ,13.105837,PC 33:2 ,15.11067455,16.47873713
PC 37:7,17.39741141,PC 34:0 ,18.67496438,16.92430334
PC 38:1 ,15.33570791,PC 34:1|PC 16:0_18:1,21.89448647,21.78330489
PC 38:2 ,18.96865963,PC 34:2 ,20.07306069,21.00687344
PC 38:3 Isomer A,18.52424661,PC 34:3 Isomer A ,16.84846451,17.69405741
PC 38:3 Isomer B,17.27133192,PC 34:3 Isomer B ,11.58196713,12.09327752
PC 38:3|PC 18:0_20:3,15.53461183,PC 34:3 Isomer C ,16.84846451,17.69405741
PC 38:4 Isomer A ,17.97915272,PC 34:4 ,12.21041659,13.824518
PC 38:4 Isomer B  ,18.0719597,PC 35:2 Isomer B ,16.72506288,17.35340656
PC 38:4 Isomer C ,17.72206224,PC 35:3 ,13.50482595,13.85228925
PC 38:5 Isomer A ,19.69311383,PC 35:4 ,13.92468623,14.4869222
PC 38:5 Isomer B  ,16.73480548,PC 36:0 ,13.79769431,12.80234668
PC 38:6 Isomer A ,16.58575424,PC 36:1 ,20.99424361,20.05610525
PC 38:6 Isomer B ,19.35518043,PC 36:2 ,21.12171661,21.22306089
PC 38:6|PC 16:1_22:5,15.67027699,PC 36:3 Isomer B ,17.85635315,18.3877304
PC 38:7 Isomer A,9.370152846,PC 36:4 Isomer A ,15.78152913,16.37241711
PC 38:7 Isomer B,16.25661962,PC 36:4 Isomer C ,18.08314633,18.39339751
PC 39:2,13.21378552,PC 36:5 Isomer A ,10.67082211,10.45433267
PC 39:3 Isomer A,13.79760293,PC 36:5 Isomer C ,13.35473099,14.52757385
PC 39:3 Isomer B,12.82687197,PC 36:5 Isomer D ,15.71558865,16.6528291
PC 39:4|PC 18:1_21:3,13.01304164,PC 36:6 ,11.30219962,12.32866096
PC 39:6 ,12.19386257,PC 37:2 ,15.7595191,15.87006649
PC 39:7,12.3156296,PC 37:3 ,13.91190401,13.95055802
PC 40:1|PC 21:0_19:1,13.00958236,PC 37:4 ,13.51181253,13.46835242
PC 40:2|PC 18:1_22:1,15.75890804,PC 37:5 ,13.44104915,12.31888599
PC 40:3,15.40011591,PC 37:6 ,11.87256145,12.00841925
PC 40:4 Isomer A,14.82552976,PC 38:1 ,15.796828,15.19812015
PC 40:4 Isomer B,15.67473206,PC 38:2 ,17.9873115,18.42748644
PC 40:5 Isomer A ,16.68559951,PC 38:3 ,17.20307598,16.57276375
PC 40:5 Isomer B ,13.69611691,PC 38:4 Isomer A ,12.77726397,12.84155012
PC 40:6 Isomer A ,17.34788809,PC 38:4 Isomer B ,16.29388194,16.20871753
PC 40:6 Isomer B ,17.34184116,PC 38:4 Isomer C ,17.45571935,16.91273773
PC 40:7 Isomer A ,14.44497535,PC 38:5 Isomer A ,17.77553112,17.79734423
PC 40:7 Isomer B ,18.91237654,PC 38:5 Isomer B ,15.19178562,15.24139434
PC 40:8 ,14.36088216,PC 38:6 Isomer C ,13.88790104,13.92767955
PC 42:10 ,14.18731544,PC 38:7 ,12.37860629,13.02860327
PC 42:2,14.03489945,PC 38:8|PC 16:2_22:6,8.440750258,8.023121813
PC 42:2|PC 24:0_18:2,9.81338669,PC 38:9,6.732266481,6.676458039
PC 42:3,13.46643591,PC 39:4 ,12.05704525,11.92239591
PC 42:4,12.29585167,PC 39:5 ,12.87759252,12.90359105
PC 42:5 Isomer A,13.37702101,PC 39:6 ,12.46583145,12.40953431
PC 42:5 Isomer B,12.43124179,PC 40:1 ,13.32938194,13.05135335
PC 42:6 Isomer A,13.74106207,PC 40:10|PC 20:5_20:5,5.76682444,#VALUE!
PC 42:6 Isomer B,12.71643689,PC 40:3 ,13.59213747,13.46888191
PC 42:7|PC 20:1_22:6,14.43231812,PC 40:5 Isomer A ,15.98953749,15.76992692
PC 42:8,14.31589982,PC 40:5 Isomer B ,13.82686872,13.56451323
PC 42:9,14.16014237,PC 40:6 Isomer A ,13.76918255,13.92350351
PC 44:10,12.46044091,PC 40:6 Isomer B ,16.79262489,16.69188833
PC 44:11|PC 22:5_22:6,13.15517889,PC 40:7 Isomer B ,15.57121556,15.80037752
PC O-30:0,18.72467417,PC 40:8 ,12.54196879,12.54535221
PC O-30:1,16.33545898,PC 40:9|PC 20:4_20:5,9.173149512,9.183226039
PC O-31:0,14.57150895,PC 42:10 ,11.61528014,11.43348525
PC O-32:0 ,18.81189662,PC 42:11|PC 20:5_22:6,7.822057865,8.543672179
PC O-32:1,20.50830402,PC 42:2 ,13.37472971,13.69060389
PC O-32:2,16.57619417,PC 42:5 ,11.98083908,12.06332734
PC O-32:4,11.79469673,PC 42:6  Isomer A,12.22283059,12.3149552
PC O-33:1,16.43277816,PC 42:6 Isomer B,11.80180231,11.44421015
PC O-34:0 ,16.18532181,PC 42:7 ,12.90057399,13.337952
PC O-34:1,21.046947,PC 42:8 ,11.78965844,11.42231696
PC O-34:4,14.69008544,PC 42:9 Isomer A,11.3427341,11.29510909
PC O-34:5,12.18516579,PC 42:9 Isomer B,12.77007498,12.06768957
PC O-35:1,15.38179035,PC 44:11|PC 20:5_24:6,9.628935863,9.891302552
PC O-35:4,13.00165301,PC 44:12|PC 22:6_22:6,9.409890216,9.338273488
PC O-36:0,12.3443865,PC 46:12,5.366977094,7.624108626
PC O-36:1,17.21634808,PC O-30:0 ,16.10865663,18.45429783
PC O-36:2,19.53786411,PC O-30:1 ,13.86531441,16.11087145
PC O-36:3,17.90341066,PC O-32:0 ,18.14370585,19.25734939
PC O-36:5,16.66323619,PC O-32:1 ,16.40208396,16.9083415
PC O-36:6,13.82986037,PC O-32:2 ,14.81403666,16.9931689
PC O-37:2,14.25696492,PC O-33:0 ,12.93521543,14.30539415
PC O-37:6,13.36566872,PC O-33:1 ,12.46380216,13.27622446
PC O-38:1,13.64783144,PC O-33:1|PC O-17:0_16:1,14.67166035,14.54036278
PC O-38:2,15.4877711,PC O-33:5 ,17.44008107,18.08225024
PC O-38:3,16.40792341,PC O-33:6 ,14.01997063,14.9784768
PC O-38:4,12.87740009,PC O-34:0 Isomer A,16.15823948,17.79710272
PC O-38:5,15.1523952,PC O-34:0 Isomer B,15.96512388,16.0582081
PC O-38:6,15.73696224,PC O-34:1|PC O-18:1_16:0,19.17994459,21.02784851
PC O-38:7,14.6266811,PC O-35:1 ,13.35456028,13.65395284
PC O-40:1,12.04574293,PC O-36:1 ,15.4371689,16.88778492
PC O-40:2,13.72537103,PC O-37:0 ,11.71967444,11.72015199
PC O-40:4,14.21437528,PC O-40:10 Isomer A,7.779942255,8.167400217
PC O-40:5,16.08270367,PC O-40:10 Isomer B,8.040262108,7.473551097
PC O-40:6,17.39450801,PC O-40:2 ,9.595202149,11.53368536
PC O-40:8,14.25171373,PC O-40:2 or PC 40:2e ,11.97012144,12.65750051
PC O-42:3,12.05410177,PC O-42:11,7.726639753,7.681305118
PC O-42:5,12.15877748,PC O-42:2 or PC 42:2e ,10.55607352,10.96391541
PC O-42:7,12.70951375,PC O-42:7 or PC 42:7e ,10.43999358,10.84157468
PC P-32:1 or PC O-32:2 ,15.99863497,PC P-32:1 or PC O-32:2 ,12.11171932,14.32365741
PC P-34:1 or PC O-34:2 ,19.04371309,PC P-34:1 or PC O-34:2 ,15.91631587,18.28071252
PC P-36:1 or PC O-36:2 B ,15.55809416,PC P-34:2 or PC O-34:3 ,13.91967998,15.68544751
PC P-36:3 or PC O-36:4 ,19.20752361,PC P-36:1 or PC O-36:2 A ,16.30649195,18.65049748
PC P-36:4 or PC O-36:5 ,18.2511732,PC P-36:1 or PC O-36:2 B ,14.08209209,15.04348811
PC P-36:5 or PC O-36:6 ,15.51362418,PC P-36:2 or PC O-36:3 ,15.34654762,16.67622252
PC P-38:2 or PC O-38:3 ,15.18992165,PC P-36:4 or PC O-36:5 ,14.69028309,15.70281737
PC P-38:3 or PC O-38:4 Isomer A ,17.1170812,PC P-36:5 or PC O-36:6 ,11.95367221,12.92317536
PC P-38:3 or PC O-38:4 Isomer B ,16.10186316,PC P-38:2 or PC O-38:3 ,13.29002647,13.78303019
PC P-38:4 or PC O-38:5 Isomer A ,19.38408821,PC P-38:3 or PC O-38:4 Isomer A ,14.10282678,14.83007535
PC P-38:5 or PC O-38:6 Isomer A ,18.11895418,PC P-38:3 or PC O-38:4 Isomer B ,14.34859462,14.87230625
PC P-38:5 or PC O-38:6 Isomer B ,17.9967591,PC P-38:5 or PC O-38:6 Isomer A ,14.8610752,16.66920204
PC P-40:3 or PC O-40:4 ,12.24979262,PC P-38:6 or PC O-38:7 ,14.01796926,14.68448991
PC P-40:4 or PC O-40:5 ,14.81334548,PC P-40:1 or PC O-40:2 ,10.75077494,10.7271503
PC P-40:5 or PC O-40:6 ,15.66032858,PC P-40:3 or PC O-40:4 ,12.02113663,12.07891399
PC P-40:6 or PC O-40:7 Isomer A ,17.66801417,PC P-40:4 or PC O-40:5 ,12.97519789,13.35633621
PC P-40:6 or PC O-40:7 Isomer B ,14.14302885,PC P-40:5 or PC O-40:6 ,13.5634582,14.00010918
PC P-40:7 or PC O-40:8 ,16.08314483,PC P-40:6 or PC O-40:7 Isomer A ,13.90686652,15.95300371
PC P-42:4 or PC O-42:5 ,11.56093818,PC P-40:6 or PC O-40:7 Isomer B ,12.81068436,12.74771399
PC P-42:5 or PC O-42:6 Isomer A ,12.58231455,PC P-40:7 or PC O-40:8 ,12.9238649,13.25488453
PE 32:0,13.30376637,PC P-42:3 or PC O-42:4 ,9.739448539,10.0838387
PE 32:2|PE 16:1_16:1,15.21972358,PC P-42:4 or PC O-42:5 ,11.59922764,11.29948249
PE 34:0,12.8961984,PC P-42:5 or PC O-42:6 Isomer A ,10.60652981,11.02568556
PE 34:1|PE 16:0_18:1,18.41633256,PC P-42:5 or PC O-42:6 Isomer B ,11.85781706,11.52203032
PE 34:2 ,4.168438452,PC-O 16:0_18:1 ,14.31914695,15.77902171
PE 34:3,11.03953891,PE 34:1|PE 16:0_18:1,17.10903164,16.72674177
PE 36:1 ,18.14068418,PE 34:2 ,15.6544036,16.38779929
PE 36:2 ,2,PE 36:1 ,18.12828268,17.10541142
PE 36:2|PE 18:1_18:1,19.17722372,PE 36:4 Isomer A,14.40203521,14.44777263
PE 36:3|PE 18:1_18:2,1.584962501,PE 38:4 Isomer B,16.7613565,16.73563091
PE 36:4 ,16.85525143,PE 38:5|PE 18:0_20:5,13.56243547,13.88308549
PE 36:4|PE 18:2_18:2,2.622027904,PE 38:6 Isomer B ,13.23805784,13.52258114
PE 36:5 Isomer B,14.98986727,PE 38:7|PE 16:1_22:6,9.640928479,10.13486033
PE 36:5 Isomer C,13.41549603,PE 40:7|PE 18:1_22:6,13.73175207,14.11361998
PE 38:4 ,19.16041397,PE O-16:1_18:1 ,18.00847899,19.19828346
PE 38:5,15.93812433,PE O-16:1_22:6 ,16.55667494,17.07301588
PE 38:6 Isomer A,14.21244143,PE O-18:1_20:3 ,14.89797542,14.65075368
PE 38:6 Isomer B,16.00188626,PE O-18:2_22:6 ,15.48064318,15.99147194
PE 38:7|PE 16:1_22:6,14.05815134,PE O-20:1_18:2 ,14.26988258,14.22038968
PE 40:1,12.60908547,PE P-32:0|PE P-16:0_16:0,12.77375265,11.90726848
PE 40:2|PE 18:1_22:1,13.94996724,PE P-36:1 or PE O-36:2 ,17.13176014,16.99023785
PE 40:6|PE 18:0_22:6,17.41207858,PE P-36:2 or PE O-36:3 ,16.77223692,17.86306301
PE 42:2,13.63874522,PE P-38:5 or PE O-38:6 ,17.15814035,17.78757183
PE 42:2|PE 24:0_18:2,9.541886434,PE P-40:5 or PE O-40:6 ,15.14866044,15.01530067
PE 44:5,12.82365458,PE-O 18:1_22:6 ,15.92227497,15.27117227
PE P-32:1|PE P-16:0_16:1,16.94769834,PI 18:0_20:4 ,14.8454519,15.42898576
PE P-34:1 or PE O-34:2 ,18.84556691,PI 34:2 ,10.82416418,12.09494249
PE P-34:2|PE P-16:0_18:2,15.17459539,PI 36:3 ,11.92249154,13.10577985
PE P-34:2|PE P-18:1_16:1,16.89605115,PI 36:4 ,11.35534368,13.32907509
PE P-34:3|PE P-16:0_18:3,14.17266081,PS 40:4,13.59504533,13.00440077
PE P-34:4|PE P-14:0_20:4,13.44043557,SM 18:0;2O/21:0 ,10.1619032,9.279825198
PE P-35:4|PE P-15:0_20:4,12.75212496,SM 20:3;2O/24:0 ,12.29601243,12.11694368
PE P-36:1 or PE O-36:2 ,16.63616463,SM 24:1 ,18.00934346,18.5858349
PE P-36:2|PE P-18:1_18:1,18.6928602,SM 27:3;2O_16:0 ,11.49527791,11.293363
PE P-36:3|PE P-16:0_20:3,16.37810537,SM 29:2;2O/8:0 ,11.61731847,11.4976321
PE P-36:4 or PE O-36:5 ,19.410378,SM 34:0;3O ,11.91707473,11.989132
PE P-36:5|PE P-16:0_20:5,16.53230934,SM 35:1;2O ,11.41098701,11.21883811
PE P-37:4|PE P-17:0_20:4,13.95445166,SM 39:2;2O ,11.09462255,10.60179291
PE P-38:1|PE P-18:0_20:1,13.42505835,SM 40:0;3O ,9.759151114,9.292584129
PE P-38:2|PE P-18:1_20:1,15.30261106,SM 42:0;3O ,10.54425668,10.63111734
PE P-38:3|PE P-18:1_20:2,15.08891995,SM 42:1;3O ,10.64522519,10.43210395
PE P-38:4 or PE O-38:5 ,17.41921364,SM 42:2;3O ,10.02609378,11.10358793
PE P-38:5 or PE O-38:6 ,19.71516679,SM 9:1;2O/38:10 ,10.34405693,11.09742907
PE P-38:6|PE P-16:0_22:6,12.09292818,SM d30:1 ,8.68214887,9.403379353
PE P-38:6|PE P-18:1_20:5,16.49062853,SM d31:1 ,9.526373473,10.03574796
PE P-40:2|PE P-18:1_22:1,13.42952921,SM d32:0 Isomer A,10.57284014,11.12758657
PE P-40:3|PE P-18:1_22:2,13.88755495,SM d32:0 Isomer B,8.091960464,8.034960964
PE P-40:4 or PE O-40:5 Isomer A ,14.0971357,SM d32:1 ,14.1390156,14.69816383
PE P-40:4 or PE O-40:5 Isomer B ,12.20195963,SM d33:1 ,17.15010598,17.46133947
PE P-40:4|PE P-18:1_22:3,14.22705934,SM d33:2 ,9.594546595,9.06992788
PE P-40:5 or PE O-40:6 ,16.00343064,SM d34:0 ,15.85028603,16.29331061
PE P-40:5|PE P-18:1_22:4,16.70722359,SM d34:1 Isomer A,13.30256955,13.26816055
PE P-40:7|PE P-18:1_22:6,18.58081868,SM d34:2 ,16.15676431,15.75721312
PE P-42:3|PE P-18:1_24:2,12.0190732,SM d35:1 ,15.39249655,15.30962058
PE P-42:7|PE P-18:1_24:6,13.82098642,SM d35:2 ,15.25160344,14.3104698
PI 36:3,11.54768781,SM d36:0 Isomer B ,14.27473794,13.84837436
PI 36:4,13.07488224,SM d36:3 ,9.788880262,9.526999563
PI 38:3,12.27399502,SM d37:1 Isomer B ,13.44860476,12.82821942
PI 38:4,15.64835465,SM d38:1 ,15.7568138,15.79784528
PI 38:5,14.29283011,SM d38:2 ,14.35159936,13.36554038
PS 34:1|PS 18:0_16:1,16.88350709,SM d39:1 ,12.72422669,12.84447479
PS 36:1|PS 18:0_18:1,17.6298295,SM d39:2 Isomer A ,12.51229775,12.25431298
PS 36:2|PS 18:1_18:1,16.05272811,SM d40:0 Isomer A ,13.3622795,13.56954227
PS 38:1,12.8078538,SM d40:0 Isomer B ,11.94485104,11.99782498
PS 38:4|PS 18:0_20:4,15.2300297,SM d40:1 ,12.62279138,12.67553631
PS 38:5,12.47737134,SM d40:2 Isomer B ,15.65940815,15.65004363
PS 40:2,13.76471336,SM d41:0 ,10.3624416,10.26052356
PS 40:4|PS 18:0_22:4,13.97907373,SM d41:1 ,13.76818524,14.22133518
PS 40:5|PS 18:0_22:5,15.50949766,SM d41:2 Isomer B ,13.98735732,14.39899253
PS 40:6|PS 18:0_22:6,16.21817303,SM d42:0 ,10.78396317,11.21736267
PS 40:7,12.6319147,SM d42:1 ,16.5527163,17.11415383
PS 42:2|PS 18:1_24:1,12.51393149,SM d42:3 ,17.03914504,16.67281206
SE 29:1/18:3,9.016291418,SM d42:4 ,12.51449226,12.77267171
SM 35:1;2O|SM 16:0;2O/19:1,16.7818603,SM d43:1 Isomer B ,11.37897235,12.18128001
SM 35:2;2O,13.39298659,SM d43:2 ,12.19972935,12.79361516
SM 35:3;3O,13.47081127,SM d44:1 ,11.3192756,12.04519117
SM 43:2;2O|SM 21:0;2O/22:2,12.84828396,SM d44:2 Isomer B ,12.46940995,13.14359736
SM 44:3;2O|SM 22:1;2O/22:2,13.36775508,SPB 24:0;2O ,10.43512299,10.64162048
SM d30:1 ,9.918038665,SPB 25:0;2O ,9.169994158,9.853044187
SM d32:0 ,12.36585147,SPB 26:0;2O ,10.82753041,10.9995376
SM d32:1 ,16.36008606,SPB 27:0;2O ,6.539825151,8.089241027
SM d32:2 ,11.64926514,SPB 28:0;2O ,10.82304222,11.21650227
SM d33:1 ,16.88191746,TG 12:0_14:0_15:0 ,10.15116126,10.24480708
SM d34:0 ,17.19866173,TG 14:0_16:0_17:1 ,14.45854121,14.68876921
SM d34:1 ,22.01200219,TG 14:1_15:1_16:1 ,9.75559221,9.470914087
SM d34:2 ,18.2002277,TG 15:0_16:0_24:0 ,14.38328637,14.25631378
SM d36:1 ,19.0614741,TG 16:0_16:4_18:4 ,7.596887411,8.73862584
SM d36:2 ,17.42055184,TG 16:0_18:1_19:0 ,13.58021669,14.25513981
SM d38:1 ,17.60568044,TG 16:0_18:1_20:0 ,14.83399672,14.73368295
SM d40:0 ,11.89468164,TG 16:0_18:5_22:6 ,5.928368588,7.534549874
SM d40:1 ,17.63805912,TG 16:0_22:0_24:0 ,12.480395,12.48643119
SM d40:2 Isomer A ,18.03420934,TG 16:0_24:0_25:0 ,11.92352317,12.04926679
SM d40:2 Isomer B ,15.87317307,TG 16:1_18:1_30:1 ,10.28919313,10.89427131
SM d41:1 ,14.43325503,TG 16:2_18:2_18:3 ,9.898702079,9.627548435
SM d41:2 Isomer A ,16.44085615,TG 18:0_18:1_22:0 ,15.48417437,15.98118487
SM d42:0 ,11.58145091,TG 18:0_18:1_22:6 ,11.92765922,11.89375588
SM d42:1 ,17.64516739,TG 18:2_18:3_18:3 ,14.35477689,14.1127095
SM d42:2 ,19.94639856,TG 18:2_20:4_20:5 ,5.905679017,6.14870152
SM d42:3 ,18.09731445,TG 18:2_20:5_20:5 ,7.252413273,8.078701476
SM d44:2 ,13.90046756,TG 18:3_20:1_22:6 ,9.345594023,9.450548627
TG 42:0 ,9.846548728,TG 18:3_20:5_22:6 ,3.229307474,7.028168219
TG 44:0 ,12.61366171,TG 19:2_19:2_19:2 ,9.207116744,9.442640994
TG 44:1 ,11.81610952,TG 22:6_22:6_22:6 ,2.306951393,4.149075299
TG 46:0 ,14.50673726,TG 33:0 ,12.57260312,12.60344706
TG 46:1 ,14.7139099,TG 38:1 ,10.52501695,11.19920904
TG 46:2 ,12.95192551,TG 40:1 ,10.38695369,10.84941473
TG 47:0|TG 15:0_16:0_16:0,12.18518006,TG 42:0 ,11.73776288,12.59948638
TG 47:1|TG 15:0_16:0_16:1,12.15647552,TG 42:1 ,11.23726923,11.60878673
TG 47:2|TG 14:0_16:1_17:1,10.53417974,TG 42:2 ,10.18796384,10.66346806
TG 48:1 ,16.86998682,TG 42:3 ,7.866215463,8.105992763
TG 48:1 ,13.09674277,TG 43:0 ,11.8286455,11.77405648
TG 48:2 ,15.73939483,TG 43:1 ,11.53881015,11.36998936
TG 48:3 ,12.89048222,TG 44:0 ,13.37881084,14.39116594
TG 49:0 ,12.10583243,TG 44:1 ,12.89066432,13.51539885
TG 49:1 ,13.9552324,TG 44:2 ,2.294005136,3.731011848
TG 49:2 ,13.14120817,TG 44:3,9.122476873,9.556765767
TG 49:3 ,10.25540441,TG 45:0 ,13.54991614,13.82007791
TG 50:0 ,14.70631311,TG 45:1 ,12.86807251,12.97383843
TG 50:1|TG 16:0_16:0_18:1,17.84830367,TG 45:2 ,11.56353503,11.54975843
TG 50:2 ,18.13807515,TG 46:0 ,15.01454565,16.13298552
TG 50:3 Isomer A ,15.39869613,TG 46:1 ,14.50597888,15.6512649
TG 50:4 ,11.63903692,TG 46:2 ,13.22799273,13.38957482
TG 51:1 ,13.91135392,TG 46:3 Isomer A ,12.05100576,12.02029431
TG 51:2 ,14.80597893,TG 46:4 Isomer A ,9.744580933,9.638614075
TG 51:3 ,12.54736111,TG 46:4 Isomer B ,14.68638154,14.51439976
TG 51:4 ,9.940548006,TG 46:5 ,9.700759455,9.922064614
TG 52:0 ,13.66063517,TG 47:2 ,12.91063827,13.07683527
TG 52:1 ,16.70900402,TG 47:3 Isomer A ,11.0401822,10.94790766
TG 52:2 ,7.804652574,TG 48:0 ,16.066466,16.88930065
TG 52:2|TG 16:0_18:1_18:1,18.97542924,TG 48:1 ,16.14835538,17.43921294
TG 52:3 ,17.69227102,TG 48:2 ,14.41610028,15.59319579
TG 52:4 ,14.2031871,TG 48:3 ,8.188801686,9.640671141
TG 52:5 ,8.939082444,TG 48:4 Isomer A ,16.54310399,16.35511026
TG 52:5|TG 14:0_18:1_20:4,12.57505611,TG 48:5 ,10.09938146,10.15924476
TG 52:5|TG 16:0_16:0_20:5,10.58235609,TG 49:0 ,13.49383421,13.84807207
TG 52:6 Isomer A,10.3731925,TG 49:1 ,14.8963924,15.23733973
TG 52:6|TG 14:0_16:0_22:6,7.879461197,TG 49:2 ,14.2347952,14.41105176
TG 52:6|TG 16:0_18:3_18:3,7.983678525,TG 49:3 ,12.04296762,12.27269482
TG 53:0 ,8.503814561,TG 50:0 ,12.13268615,11.93001284
TG 53:1 ,9.960630976,TG 50:1 ,17.14880948,18.22505955
TG 53:2 ,12.22275508,TG 50:2 ,16.24379148,17.44375574
TG 53:2|TG 17:0_18:1_18:1,14.59598794,TG 50:3 Isomer A ,11.22624811,11.74780785
TG 53:3 ,14.19486427,TG 50:3 Isomer B ,13.55223645,14.40589762
TG 53:4 ,11.93806714,TG 50:4 ,11.85844571,12.05766958
TG 53:5 ,9.349563911,TG 50:5 ,10.69223067,10.71701941
TG 53:5|TG 16:0_17:0_20:5,1.389975,TG 50:6 ,8.998489258,9.139670825
TG 54:0 ,12.46196963,TG 50:7 ,7.336152951,8.218520019
TG 54:1 ,15.09837335,TG 51:0 ,13.55917283,13.56094382
TG 54:2 ,17.41474753,TG 51:1 Isomer A ,12.36425394,12.67473074
TG 54:2|TG O-16:0_18:1_20:1,16.08501973,TG 51:1 Isomer B ,13.98597591,14.42168393
TG 54:3|TG 18:1_18:1_18:1,18.39664449,TG 51:2 Isomer A ,14.47236204,14.81765082
TG 54:4 ,15.6815707,TG 51:3 ,12.90480307,13.0731559
TG 54:5 Isomer A ,5.848587767,TG 51:4 ,10.64110973,11.04722275
TG 54:5 Isomer B ,14.49687328,TG 51:5 ,9.75671063,9.923284448
TG 54:5|TG 16:1_18:1_20:3,11.34462957,TG 51:6;O|TG 16:0_16:1_19:5;O,8.916782102,9.325730781
TG 54:6 Isomer A ,10.81891081,TG 52:0 ,15.6663386,15.24747859
TG 54:6 Isomer B ,13.47890276,TG 52:1 ,17.11862642,17.19383034
TG 54:6 Isomer C ,11.97288897,TG 52:2 ,17.57761297,18.40098391
TG 54:7 Isomer B ,10.47860929,TG 52:2|TG 16:0_18:1_18:1,12.66965617,12.68017076
TG 54:7|TG 14:0_18:1_22:6,12.96137212,TG 52:3 ,15.7020004,16.46190892
TG 54:8|TG 16:1_16:1_22:6,9.682166484,TG 52:3|TG 16:0_18:1_18:2,12.39306097,12.32184177
TG 55:1 ,8.579053569,TG 52:4 ,13.52807677,14.06340282
TG 55:2 ,11.30638291,TG 52:5 ,11.82557104,12.02494465
TG 55:3 ,13.95499725,TG 52:6 ,10.78178999,11.50156303
TG 55:4|TG 17:1_18:1_20:2,11.6393154,TG 52:8,7.316353863,8.2419924
TG 55:4|TG 18:1_19:1_18:2,12.4625954,TG 52:9,7.063228873,7.28320079
TG 55:5|TG 16:0_17:0_22:5,7.398122661,TG 53:0 ,13.53361984,13.38245121
TG 55:6|TG 16:0_18:1_21:5,10.44226116,TG 53:1 ,13.93893887,13.91809959
TG 55:7|TG 15:0_18:1_22:6,10.02091325,TG 53:2 ,13.62698757,14.03007114
TG 56:0 ,11.44987002,TG 53:3 Isomer A,9.924392305,10.50685777
TG 56:1 ,14.16287678,TG 53:3 Isomer B,13.28773136,13.43487063
TG 56:2 ,15.69117063,TG 53:3;O|TG 18:1_20:1_15:1;O,10.81551344,8.753514654
TG 56:3 ,15.34534461,TG 53:4 ,11.43025778,11.65903303
TG 56:4 ,15.08361076,TG 53:5 ,9.640884721,10.52045254
TG 56:5 Isomer A ,13.22323477,TG 53:6 ,9.021204726,9.623089166
TG 56:5|TG 16:0_18:0_22:5,14.01552996,TG 53:8;O|TG 18:2_20:4_15:2;O,8.941977392,8.829230958
TG 56:5|TG 18:1_18:1_20:3,14.09264778,TG 54:0 ,15.6414971,15.3755705
TG 56:6 ,15.09485298,TG 54:1 ,15.90242716,15.74018615
TG 56:6|TG 20:1_18:2_18:3,12.59251902,TG 54:10,7.656567599,7.752679764
TG 56:7 Isomer A ,12.40025065,TG 54:2 ,16.9713713,16.84589143
TG 56:7 Isomer B ,14.64714089,TG 54:3 ,16.82101301,17.14815369
TG 56:7|TG 20:1_18:3_18:3,11.03451982,TG 54:4 ,14.6017482,15.13108934
TG 56:8 Isomer B ,12.59464064,TG 54:5 Isomer A ,13.14796027,13.69468421
TG 57:1 ,11.17626421,TG 54:5 Isomer B ,13.2982963,13.50315989
TG 57:2 ,10.3392191,TG 54:6 Isomer A ,11.83423559,12.31024661
TG 57:3|TG 17:1_18:1_22:1,11.73123839,TG 54:6 Isomer B ,8.012248006,8.044451972
TG 57:4|TG 18:1_21:1_18:2,11.49120284,TG 54:6 Isomer C ,12.23048485,12.75621192
TG 57:5|TG 18:1_21:1_18:3,10.94524203,TG 54:7 Isomer B ,11.62838656,12.18370384
TG 57:6|TG 17:0_18:1_22:5,10.59994813,TG 54:8 ,7.664232377,7.979978999
TG 57:7|TG 17:0_18:1_22:6,9.449901076,TG 54:9 Isomer B ,9.089752225,9.08099527
TG 57:7|TG 17:1_18:1_22:5,9.206961062,TG 55:1 ,13.88784559,13.87139684
TG 57:8|TG 17:1_18:1_22:6,7.929119911,TG 55:10;O|TG 18:2_22:6_15:2;O,7.181647984,7.488264277
TG 58:1 ,13.63474191,TG 55:2 ,13.43611606,13.42762316
TG 58:10 ,8.512657882,TG 55:3 ,12.24617685,12.35986063
TG 58:10|TG 16:0_20:4_22:6,8.590886932,TG 55:4 ,11.59757419,11.69283422
TG 58:2 ,15.45861027,TG 55:5 ,8.994314216,9.138899552
TG 58:3 Isomer A,15.47929714,TG 55:6 ,10.03900548,10.59039681
TG 58:3 Isomer B,14.10969304,TG 55:7 ,9.28087052,9.883756027
TG 58:4 Isomer A,14.2424512,TG 56:0 ,15.0059712,15.05222019
TG 58:4 Isomer B,11.85183602,TG 56:1 ,15.68880608,16.00915911
TG 58:5 ,13.43572855,TG 56:10 ,9.541260168,9.432130016
TG 58:6 ,9.943013534,TG 56:12,5.857668125,6.778141251
TG 58:6|TG 18:1_18:1_22:4,13.92421353,TG 56:2 Isomer A ,13.43850296,13.43139146
TG 58:6|TG 22:1_18:2_18:3,11.74204624,TG 56:2 Isomer B ,15.40916179,15.80891729
TG 58:7|TG 16:0_20:1_22:6,13.06355094,TG 56:3 ,15.22767919,15.20401798
TG 58:7|TG 18:1_18:1_22:5,14.20428343,TG 56:4 Isomer A,6.085692318,8.058620412
TG 58:7|TG 18:2_22:2_18:3,12.57441371,TG 56:4 Isomer B,13.58635011,13.44518198
TG 58:8 ,14.12226635,TG 56:5 Isomer B ,13.60207581,13.22402338
TG 58:8|TG 18:1_18:2_22:5,10.94429878,TG 56:5 Isomer C ,10.40739306,10.16415691
TG 58:9 ,10.46823465,TG 56:6 Isomer A,12.06721194,12.67669183
TG 59:3 ,11.29952914,TG 56:6 isomer B,13.17510794,13.38454476
TG 59:4|TG 19:1_22:1_18:2,9.653044285,TG 56:7 Isomer A ,11.49085643,11.81932689
TG 59:5|TG 19:1_22:1_18:3,9.841160001,TG 56:7 Isomer B ,12.84478766,13.24246798
TG 60:1|TG 18:0_24:0_18:1,12.16591674,TG 56:8 Isomer A ,11.60612253,12.00018912
TG 60:2 ,14.71626068,TG 56:9|TG 16:1_18:2_22:6,9.766215969,10.29684726
TG 60:3 ,8.590118959,TG 57:1 ,14.44618724,14.63005626
TG 60:3|TG 18:1_20:1_22:1,15.49275512,TG 57:2 ,13.17326053,13.47366172
TG 60:4 ,12.40036835,TG 57:3 ,12.06669871,12.11418886
TG 60:4|TG 20:1_22:1_18:2,13.86982907,TG 58:0 ,14.40975659,14.59704935
TG 60:5 ,7.521895262,TG 58:1 Isomer C,10.7814559,11.06722493
TG 60:6 ,11.91966491,TG 58:10 ,9.401448532,9.717016865
TG 60:6|TG 22:1_20:2_18:3,8.658953345,TG 58:10|TG 18:2_18:2_22:6,9.632755906,9.662383436
TG 60:7|TG 16:0_22:1_22:6,10.77551795,TG 58:11 ,8.875963195,8.981531812
TG 60:7|TG 18:1_20:1_22:5,2.321928095,TG 58:11|TG 16:0_20:5_22:6,9.101941908,9.290541262
TG 60:7|TG 22:1_18:3_20:3,5.972126698,TG 58:12 ,6.634679607,5.32321699
TG 60:8|TG 18:1_18:1_24:6,11.183389,TG 58:13|TG 16:2_20:5_22:6,6.622909609,5.426511489
TG 60:9|TG 18:1_20:3_22:5,8.959651522,TG 58:2 ,15.40447265,16.25158127
TG 60:9|TG 20:1_18:2_22:6,10.49432685,TG 58:3 ,14.05980631,14.71884338
TG 61:3|TG 18:1_21:1_22:1,11.93476075,TG 58:4 ,12.67150617,12.26818182
TG 61:4|TG 21:1_22:1_18:2,9.668465958,TG 58:5 ,12.30859712,12.0130155
TG 61:5|TG 21:1_22:1_18:3,6.749251395,TG 58:6 ,12.72058261,12.43784416
TG 62:11|TG 16:0_24:5_22:6,8.498841112,TG 58:7 ,8.766271326,9.226110414
TG 62:12|TG 20:1_20:5_22:6,9.08912262,TG 58:8 ,11.92541553,12.05648823
TG 62:2|TG 16:0_18:1_28:1,11.6562327,TG 58:9 ,10.83013883,10.99191054
TG 62:3 ,13.91101101,TG 59:2 ,13.65140615,14.14837059
TG 62:4 ,13.18910385,TG 59:3 ,11.83143283,12.09159999
TG 62:5|TG 22:1_18:2_22:2,11.6590296,TG 60:1 ,14.56380941,15.15478711
TG 62:6|TG 22:1_22:2_18:3,2.496213321,TG 60:11 ,9.121507429,9.585425213
TG 62:7|TG 16:0_24:1_22:6,9.488844934,TG 60:12,8.86634262,8.859793913
TG 62:7|TG 22:1_18:3_22:3,1.736308752,TG 60:13|TG 18:2_20:5_22:6,8.372532772,8.191667337
TG 62:8|TG 18:1_22:1_22:6,10.63894084,TG 60:15 ,7.422651898,7.640678262
TG 63:2|TG 23:0_18:1_22:1,9.41578088,TG 60:2 ,15.27286258,16.11646994
TG 64:2 ,11.59317596,TG 60:3 ,14.51506562,15.3964282
TG 64:3 ,11.49536343,TG 60:4 ,12.21507465,12.47888718
TG 64:4 ,11.33827626,TG 60:5 ,11.43974477,10.99973197
TG 64:5|TG 22:1_24:1_18:3,10.63997176,TG 60:6 ,10.7258124,10.55303421
TG O-46:0|TG O-16:0_14:0_16:0,11.79112183,TG 62:1 ,13.30893522,14.07782951
TG O-48:1|TG O-18:1_14:0_16:0,14.63878625,TG 62:14 ,7.414510098,7.924166059
TG O-48:2|TG O-18:2_14:0_16:0,13.01899302,TG 62:15 ,4.440816179,5.578356574
TG O-50:0|TG O-16:0_16:0_18:0,14.18926707,TG 62:16 ,5.728528389,6.565520725
TG O-50:1|TG O-17:0_16:0_17:1,10.64405012,TG 62:2 ,13.9261967,15.03213922
TG O-50:2|TG O-18:1_16:0_16:1,15.67404359,TG 62:3 ,13.96826475,14.95247618
TG O-52:0|TG O-18:0_16:0_18:0,13.61124444,TG 62:4 ,12.60820182,12.85353437
TG O-52:2|TG O-18:1_16:0_18:1,16.65237531,TG 64:1 ,12.54560328,13.14606581
TG O-52:3|TG O-18:1_16:1_18:1,14.75643427,TG 64:17|TG 20:5_22:6_22:6,7.003477051,7.079554899
TG O-52:6|TG O-16:0_14:0_22:6,12.3221811,TG 64:2 ,12.74524586,14.25803472
TG O-53:1|TG O-17:0_18:0_18:1,13.44685449,TG 64:3 ,12.71103968,13.90851372
TG O-53:1|TG O-19:0_16:0_18:1,12.57299255,TG 64:4 ,11.94818152,12.33576
TG O-54:1|TG O-16:0_18:1_20:0,15.01130557,TG 8:0_10:0_18:2 ,11.08827587,11.49453658
TG O-54:4|TG O-18:1_18:1_18:2,13.50580681,TG 8:0_15:0_18:1 ,9.70685877,9.718586768
TG O-54:5|TG O-16:0_16:0_22:5,14.14827019,TG O-16:0_16:0_18:1 ,14.27351136,17.12235458
TG O-54:6|TG O-16:0_16:1_22:5,13.51292262,TG O-18:0_16:0_18:1 ,14.7594131,16.39698772
TG O-54:6|TG O-18:1_16:0_20:5,10.70195333,TG O-18:1_16:0_18:1 ,14.47997132,17.14274289
TG O-54:7|TG O-17:1_15:0_22:6,13.60301834,TG O-18:1_18:0_18:1 ,13.92459054,15.84264661
TG O-55:2|TG O-17:0_18:1_20:1,12.87320414,TG O-18:1_18:1_18:1 ,12.66754251,14.87456528
TG O-55:3|TG O-20:2_17:0_18:1,8.876248117,TG O-49:2|TG O-17:1_14:0_18:1,7.805726529,10.23793475
TG O-56:3|TG O-18:1_18:1_20:1,15.03956202,TG O-52:3|TG O-18:1_16:0_18:2,11.49251541,14.05455056
TG O-56:4|TG O-18:1_18:1_20:2,13.581826,TG O-54:1|TG O-20:0_16:0_18:1,14.07447889,15.47069993
TG O-56:6|TG O-16:0_18:1_22:5,15.21378112,TG O-55:3|TG O-19:2_16:0_20:1,9.472525,10.06960829
TG O-56:6|TG O-18:1_18:1_20:4,12.02951232,TG O-55:4|TG O-19:1_16:0_20:3,9.485768112,10.05317684
TG O-57:5|TG O-21:3_18:1_18:1,12.67880127,TG O-55:4|TG O-19:1_18:1_18:2,8.589283599,9.279482631
TG O-58:4|TG O-18:1_18:1_22:2,0.5,TG O-57:6|TG O-19:1_16:0_22:5,9.170184535,9.549128322
TG O-58:6|TG O-18:0_18:1_22:5,13.72845413,,,
TG O-61:4|TG O-21:1_18:1_22:2,11.63450809,,,
